{"catalyst": {"cos_sim": 0.8221389830508473, "ratio": 0.7627118644067796}, "co-catalyst": {"cos_sim": 0.6289983050847457, "ratio": 0.288135593220339}, "light source": {"cos_sim": 0.7224644067796612, "ratio": 0.423728813559322}, "lamp": {"cos_sim": 0.8906305084745764, "ratio": 0.7627118644067796}, "reactor type": {"cos_sim": 0.7286813559322033, "ratio": 0.4915254237288136}, "reaction medium": {"cos_sim": 0.9128847457627115, "ratio": 0.7457627118644068}, "operation mode": {"cos_sim": 0.8503745762711864, "ratio": 0.6949152542372882}}